timeCounter;accXFilt;accYFilt;accZ;trackVoltage;motorCurrent
668;31493;35446;2691;2678;0
689;31493;34145;2722;2687;0
709;31493;34342;2706;2681;0
729;31493;34671;2773;2675;0
749;31493;34775;2765;2681;0
770;31582;34698;2699;2683;0
81;0;24220;5;2675;7680
81;0;24220;7;2675;7680
81;0;24220;7;2683;7680
100;0;31640;2640;2581;164
120;0;30384;2703;2545;158
140;0;27763;2444;2523;163
160;31860;27389;2564;2534;132
181;31860;29055;2629;2524;168
201;31860;28923;2604;2534;152
221;31860;28683;2505;2542;119
241;31860;28496;3179;2547;126
262;31860;27944;2996;2550;137
282;32028;28149;2781;2543;114
302;32028;27537;2640;2539;158
322;32028;29242;2778;2564;143
343;32028;31549;2813;2540;131
363;32028;33305;2666;2539;131
383;32028;33385;2688;2540;143
403;31817;33295;2615;2542;122
424;31817;33624;2804;2543;131
444;31817;33009;3187;2535;154
464;31817;32122;2819;2551;132
484;31817;32595;3551;2552;132
505;31817;32131;2661;2538;130
525;31817;33674;2619;2544;130
545;31446;33549;2728;2547;119
565;31446;34848;2734;2562;109
586;31446;35304;2615;2568;100
606;31446;34676;3042;2539;100
626;31446;32991;2961;2579;93
646;31446;32582;3055;2552;107
667;31128;31756;2690;2555;97
687;31128;33453;2895;2559;104
707;31128;33823;1856;2557;95
727;31128;34316;2905;2559;114
748;31128;34575;2953;2558;81
768;31128;34125;2900;2537;86
788;30546;33973;2784;2560;112
808;30546;32763;2951;2532;91
829;30546;35372;2667;2533;98
849;30546;34120;2946;2551;93
869;30546;35305;2899;2537;99
889;30546;34743;1267;2548;95
910;30546;33366;2789;2519;103
930;29641;35991;1883;2531;91
950;29641;33375;3267;2542;89
970;29641;34557;2450;2527;84
991;29641;32958;2595;2535;90
1011;29641;35884;2963;2527;101
1031;29641;33649;3332;2543;71
1051;28747;33901;2461;2539;89
1072;28747;33234;2563;2535;80
1092;28747;35664;2648;2547;73
1112;28747;35562;2505;2550;92
1132;28747;35584;3657;2556;99
1153;28747;36671;2015;2542;86
1173;28019;33937;2150;2527;91
1193;28019;33325;2344;2527;75
1213;28019;34135;2715;2536;97
1234;28019;35735;2452;2551;102
1254;28019;36128;3225;2544;105
1274;28019;36075;3202;2556;61
1294;28019;34894;2375;2541;77
1315;27470;33499;2203;2528;62
1335;27470;32380;2455;2530;95
1355;27470;34244;2469;2541;92
1375;27470;34190;2300;2523;85
1396;27470;36529;2831;2526;105
1416;27470;35482;2983;2517;90
1436;27280;35451;2906;2534;75
1456;27280;34220;2639;2536;86
1477;27280;34816;2825;2545;83
1497;27280;34509;3135;2516;100
1517;27280;35093;2391;2524;90
1537;27280;37920;2755;2541;95
1558;27436;36301;2351;2535;88
1578;27436;33124;3047;2532;97
1598;27436;33373;2502;2543;77
1618;27436;33948;1714;2536;78
1639;27436;33376;3001;2523;91
1659;27436;34960;4012;2537;70
1679;27436;33809;3071;2544;79
1699;27689;34829;3786;2559;71
1720;27689;35138;2630;2538;88
1740;27689;35607;3600;2550;74
1760;27689;35234;2902;2536;95
1780;27689;36122;1495;2536;70
1801;27689;33217;2565;2535;83
1821;27975;34381;4087;2547;68
1841;27975;33774;2299;2543;92
1861;27975;35598;1977;2542;80
1882;27975;35817;2215;2542;105
1902;27975;35642;3912;2551;67
1922;27975;33949;3030;2528;72
1942;28190;33777;2873;2527;67
1963;28190;34023;2893;2535;84
1983;28190;35348;3395;2530;72
2003;28190;35913;2384;2521;89
2023;28190;36113;3888;2536;71
2044;28190;34952;2729;2543;80
2064;28190;34648;2671;2539;74
2084;28169;34630;2926;2531;78
2104;28169;33361;3798;2543;71
2125;28169;32854;2826;2531;84
2145;28169;33444;1964;2545;70
2165;28169;31703;2090;2543;74
2185;28169;30802;2003;2518;90
2206;27853;30529;2963;2518;77
2226;27853;30851;3357;2522;84
2246;27853;32837;2788;2534;68
2266;27853;33517;3694;2538;66
2287;27853;30592;2786;2532;76
2307;27853;29737;1962;2518;78
2327;27768;31883;3482;2518;95
2347;27768;31510;2769;2515;76
2368;27768;33736;3336;2500;77
2388;27768;32341;3140;2535;70
2408;27768;34062;2327;2525;69
2428;27768;32196;2844;2521;74
2449;27768;34175;2960;2534;58
2469;28709;33679;2159;2535;69
2489;28709;33496;2358;2529;55
2509;28709;33380;2664;2503;80
2530;28709;32360;3108;2517;58
2550;28709;36122;3678;2518;69
2570;28709;32352;2078;2478;63
2590;30331;33082;2542;2491;54
2611;30331;32730;3228;2539;44
2631;30331;32950;4061;2554;54
2651;30331;34351;2231;2552;56
2671;30331;32960;2135;2525;67
2692;30331;33924;2716;2499;63
2712;31615;33139;2014;2514;68
2732;31615;32340;2251;2527;63
2752;31615;36305;2867;2536;46
2773;31615;34475;2486;2523;57
2793;31615;32685;2169;2492;39
2813;31615;34872;2459;2509;41
2833;32134;32418;3373;2527;56
2854;32134;34926;2071;2541;47
2874;32134;36174;3099;2527;40
2894;32134;33610;2033;2517;44
2914;32134;34190;2796;2520;40
2935;32134;33973;3479;2508;51
2955;32134;34344;2531;2539;57
2975;32216;35771;2227;2530;39
2995;32216;35261;2047;2495;31
3016;32216;32869;3978;2510;41
3036;32216;34158;3257;2516;54
3056;32216;35785;2174;2510;28
3076;32216;34174;2477;2509;30
3097;32226;33317;2338;2519;41
3117;32226;36214;3711;2533;42
3137;32226;34667;1939;2527;35
3157;32226;33950;3407;2527;39
3178;32226;34579;2683;2527;44
3198;32226;33378;1831;2518;60
3218;32198;34620;2359;2548;60
3238;32198;36453;3107;2543;33
3259;32198;35518;1959;2524;32
3279;32198;32646;3211;2523;26
3299;32198;32533;4087;2525;30
3319;32198;36845;2434;2552;46
3340;32198;36532;3000;2546;29
3360;32181;33158;2038;2543;38
3380;32181;33821;2423;2541;28
3400;32181;37571;3336;2551;40
3421;32181;36305;2528;2532;27
3441;32181;34134;1913;2533;32
3461;32181;34161;3684;2548;27
3481;32263;37040;2977;2527;38
3502;32263;36443;2170;2526;20
3522;32263;33671;3479;2542;30
3542;32263;34724;3101;2542;60
3562;32263;37655;1988;2535;32
3583;32263;38111;3018;2558;17
3603;32435;36926;2109;2551;43
3623;32435;37121;2138;2542;26
3643;32435;38482;2351;2542;18
3664;32435;40927;1832;2542;26
3684;32435;38923;2266;2554;27
3704;32435;39553;2869;2553;34
3724;32435;39697;2915;2535;28
3745;32533;40196;2805;2559;26
3765;32533;40290;2178;2559;35
3785;32533;39843;3753;2556;28
3805;32533;39067;2724;2556;27
3826;32533;37451;3282;2557;42
3846;32533;37990;1878;2552;30
3866;34341;38406;2288;2542;33
3886;34341;38409;3806;2558;29
3907;34341;36835;3287;2529;41
3927;34341;36189;3979;2551;39
3947;34341;38936;3906;2575;26
3967;34341;38544;2457;2559;42
3988;38803;36071;2619;2551;40
4008;38803;36548;3919;2556;39
4028;38803;36709;3864;2560;26
4048;38803;37494;2796;2555;50
4069;38803;36037;2982;2507;44
4089;38803;35436;3511;2525;32
4109;38803;35999;3153;2549;34
4129;42330;38327;3918;2570;36
4150;42330;37705;1500;2559;60
4170;42330;35187;1603;2546;34
4190;42330;37511;1216;2548;28
4210;42330;37538;2937;2539;28
4231;42330;37029;4087;2554;41
4251;43183;38390;3354;2557;43
4271;43183;37261;2652;2539;28
4291;43183;38595;2960;2544;32
4312;43183;37889;3292;2566;38
4332;43183;39888;2467;2542;42
4352;43183;37070;2467;2514;24
4372;42793;36739;2820;2539;28
4393;42793;37169;3703;2548;47
4413;42793;39228;4022;2527;33
4433;42793;37312;2451;2538;27
4453;42793;35935;2260;2515;20
4474;42793;36685;2421;2547;53
4494;42793;37184;2916;2549;33
4514;41921;39212;986;2527;32
4534;41921;38414;2148;2546;20
4555;41921;36878;2529;2542;54
4575;41921;37521;2950;2571;34
4595;41921;37602;1974;2566;34
4615;41921;37514;2292;2565;19
4636;41395;37035;1403;2546;52
4656;41395;36213;2590;2559;38
4676;41395;39165;2584;2554;38
4696;41395;37432;3203;2566;22
4717;41395;37528;1773;2555;61
4737;41395;36758;2439;2541;32
4757;41866;38378;1522;2551;35
4777;41866;37723;1787;2561;23
4798;41866;37432;2346;2554;54
4818;41866;38810;3131;2568;37
4838;41866;38696;1078;2570;27
4858;41866;38226;2742;2565;27
4879;41866;36908;3554;2551;52
4899;42779;38514;4019;2568;47
4919;42779;37579;3205;2564;34
4939;42779;38159;2943;2562;43
4960;42779;36745;1598;2567;31
4980;42779;38541;2588;2571;51
5000;42779;37290;1656;2572;61
5020;43157;37991;2791;2572;41
5041;43157;37540;2558;2571;46
5061;43157;37535;3242;2558;32
5081;43157;35732;2669;2559;34
5101;43157;36581;2210;2548;56
5122;43157;38788;3868;2532;32
5142;43117;38117;3709;2552;40
5162;43117;37953;2571;2541;37
5182;43117;37147;2216;2561;29
5203;43117;38714;2181;2560;39
5223;43117;38202;3678;2558;58
5243;43117;38562;3594;2547;51
5263;43117;37584;2683;2544;32
5284;43043;37224;1540;2542;35
5304;43043;35560;3687;2556;30
5324;43043;36409;4047;2566;31
5344;43043;39310;1495;2537;40
5365;43043;36981;1821;2540;54
5385;43043;35600;2468;2563;44
5405;42716;37473;2659;2562;43
5425;42716;37849;2174;2564;39
5446;42716;36355;2894;2526;36
5466;42716;36732;3713;2561;40
5486;42716;37273;1590;2569;52
5506;42716;36276;2244;2559;53
5527;42148;35280;3191;2552;64
5547;42148;35102;3285;2557;39
5567;42148;33577;2332;2541;40
5587;42148;33811;1534;2539;53
5608;42148;34017;2095;2552;39
5628;42148;35045;2517;2532;39
5648;42148;32244;1747;2541;47
5668;41603;33595;3642;2537;48
5689;41603;35052;1802;2544;40
5709;41603;33568;2775;2523;32
5729;41603;34374;3928;2566;36
5749;41603;36386;3677;2557;31
5770;41603;33996;2474;2531;30
5790;40293;33617;1794;2528;60
5810;40293;35328;3037;2553;39
5830;40293;34300;2731;2547;43
5851;40293;33402;2370;2509;42
5871;40293;34491;2077;2543;39
5891;40293;36558;3600;2551;23
5911;37177;33336;3693;2549;34
5932;37177;32424;2787;2536;60
5952;37177;35282;3041;2571;34
5972;37177;37625;2190;2578;35
5992;37177;33169;1901;2568;32
6013;37177;33604;3638;2552;42
6033;33963;37370;2694;2553;36
6053;33963;36183;3138;2553;26
6073;33963;33255;2413;2560;37
6094;33963;33664;1492;2559;34
6114;33963;37058;2218;2556;44
6134;33963;36097;3075;2560;35
6154;33963;33655;3775;2568;36
6175;32543;33699;1920;2568;40
6195;32543;37135;2498;2562;32
6215;32543;35035;2427;2575;39
6235;32543;33574;3751;2569;36
6256;32543;34924;1844;2558;35
6276;32543;36860;2315;2511;32
6296;32299;34905;2317;2505;27
6316;32299;32883;2872;2544;35
6337;32299;33851;1702;2558;28
6357;32299;36388;2940;2511;33
6377;32299;35082;2564;2538;23
6397;32299;32853;3470;2552;26
6418;32304;33776;3795;2559;46
6438;32304;36075;2366;2488;23
6458;32304;36655;2133;2513;13
6478;32304;34337;3427;2531;51
6499;32304;34721;2019;2558;34
6519;32304;35093;3417;2537;18
6539;32304;34955;2210;2532;24
6559;32123;35217;3491;2511;32
6580;32123;34619;2854;2584;33
6600;32123;34397;3369;2534;26
6620;32123;33191;2861;2552;20
6640;32123;36096;3954;2578;33
6661;32123;36181;1976;2505;20
6681;31918;34364;2952;2507;32
6701;31918;33817;3744;2568;27
6721;31918;34251;1823;2589;23
6742;31918;36594;2435;2542;24
6762;31918;36619;2953;2576;16
6782;31918;35881;3355;2596;44
6802;32074;38488;2801;2600;28
6823;32074;39541;1694;2572;45
6843;32074;37950;1872;2574;20
6863;32074;43541;2404;2564;40
6883;32074;42225;1955;2578;30
6904;32074;44383;2491;2568;35
6924;32074;39590;2570;2582;26
6944;32091;40879;3938;2557;39
6964;32091;42258;2779;2586;33
6985;32091;39178;1848;2593;20
7005;32091;38698;2010;2592;32
7025;32091;39413;3380;2599;34
7045;32091;37395;2991;2591;37
7066;29081;36462;2728;2587;30
7086;29081;37102;2862;2574;31
7106;29081;40011;3117;2584;46
7126;29081;37962;2687;2573;34
7147;29081;36394;2730;2573;34
7167;29081;36068;1448;2592;46
7187;22907;39366;3089;2582;28
7207;22907;34174;3251;2556;35
7228;22907;34841;2604;2580;28
7248;22907;36069;2738;2582;52
7268;22907;38353;2748;2569;48
7288;22907;36569;4047;2574;45
7309;22907;34391;2228;2560;36
7329;18792;35364;1578;2568;30
7349;18792;37998;3061;2579;48
7369;18792;36267;2208;2583;37
7390;18792;34468;3689;2575;38
7410;18792;35152;3241;2578;42
7430;18792;36855;2367;2577;27
7450;18248;35991;2547;2556;49
7471;18248;33497;3842;2553;50
7491;18248;34349;2726;2568;70
7511;18248;34783;2594;2554;58
7531;18248;35146;1971;2534;44
7552;18248;35028;3268;2548;51
7572;19127;34687;3670;2581;60
7592;19127;37581;2605;2555;51
7612;19127;38390;2004;2546;59
7633;19127;37985;2484;2547;49
7653;19127;38767;1896;2571;37
7673;19127;36915;3459;2558;76
7693;19127;39178;3621;2556;72
7714;19915;38888;2604;2551;40
7734;19915;37228;1710;2562;43
7754;19915;36174;3067;2553;58
7774;19915;34462;3577;2559;75
7795;19915;35261;2079;2553;70
7815;19915;37490;2763;2541;51
7835;20360;35492;3194;2553;49
7855;20360;36454;3379;2554;59
7876;20360;33832;3421;2543;75
7896;20360;35228;3139;2544;84
7916;20360;36533;2109;2543;54
7936;20360;38034;2574;2552;56
7957;21852;35325;2871;2551;54
7977;21852;34283;2410;2542;95
7997;21852;36676;1773;2559;58
8017;21852;36154;2798;2565;76
8038;21852;37448;2221;2563;58
8058;21852;36476;2315;2538;75
8078;21852;33926;2895;2542;50
8098;23642;36414;3463;2542;63
8119;23642;36264;2761;2538;82
8139;23642;36794;2235;2540;78
8159;23642;35030;3168;2551;47
8179;23642;34797;2184;2540;71
8200;23642;35340;3036;2550;82
8220;24468;35688;1947;2548;66
8240;24468;37002;3577;2527;64
8260;24468;35437;2893;2536;59
8281;24468;35684;2288;2523;76
8301;24468;35118;3257;2547;60
8321;24468;35229;3362;2542;66
8341;25098;37674;2574;2545;80
8362;25098;37306;3128;2543;51
8382;25098;34023;3912;2536;66
8402;25098;32716;3303;2538;91
8422;25098;33682;1919;2548;62
8443;25098;33200;2983;2531;66
8463;25098;33727;2735;2528;59
8483;25453;31803;2937;2535;51
8503;25453;31091;1577;2528;58
8524;25453;32603;2997;2535;89
8544;25453;31561;2560;2535;73
8564;25453;32914;1748;2538;56
8584;25453;31538;2377;2527;79
8605;25793;32407;3656;2536;54
8625;25793;32159;3531;2555;65
8645;25793;32653;2031;2551;63
8665;25793;34100;2478;2555;76
8686;25793;31787;2127;2538;47
8706;25793;33999;2776;2538;55
8726;27401;32677;3070;2547;70
8746;27401;34768;4072;2559;69
8767;27401;33823;2365;2536;50
8787;27401;32178;1641;2504;40
8807;27401;33708;3147;2522;49
8827;27401;33625;2980;2563;49
8848;27401;33482;2240;2546;59
8868;29834;34152;2362;2497;67
8888;29834;33204;2980;2503;70
8908;29834;35117;3605;2544;47
8929;29834;34067;3822;2568;46
8949;29834;31922;3989;2548;51
8969;29834;34651;2854;2521;51
8989;31605;33003;2400;2542;48
9010;31605;33224;3391;2556;53
9030;31605;35156;2568;2555;50
9050;31605;34137;2770;2522;47
9070;31605;35149;1975;2528;38
9091;31605;35133;2112;2510;29
9111;32247;33026;2860;2553;40
9131;32247;34165;2517;2552;58
9151;32247;35840;2335;2553;36
9172;32247;33828;3151;2527;48
9192;32247;32511;1797;2519;47
9212;32247;34449;2903;2547;51
9232;32247;34095;2679;2557;43
9253;32277;34862;2800;2539;31
9273;32277;35534;1921;2527;27
9293;32277;32865;3253;2530;38
9313;32277;32462;3002;2534;54
9334;32277;36906;1642;2529;40
9354;32277;35966;2410;2550;30
9374;32220;33781;4003;2527;42
9394;32220;34803;3319;2547;42
9415;32220;35505;2871;2515;33
9435;32220;33658;2469;2497;30
9455;32220;32916;1693;2527;63
9475;32220;35103;3810;2571;40
9496;32236;35709;2571;2553;27
9516;32236;33858;2431;2532;21
9536;32236;33229;3143;2520;58
9556;32236;35440;2827;2533;38
9577;32236;37225;2532;2573;27
9597;32236;35847;2964;2532;19
9617;32298;32605;2475;2533;55
9637;32298;34561;2212;2551;30
9658;32298;36906;2661;2566;32
9678;32298;35191;3064;2554;41
9698;32298;34584;2329;2557;32
9718;32298;35240;3818;2533;31
9739;32298;37135;1899;2532;16
9759;32344;36766;2183;2552;21
9779;32344;34159;2925;2560;26
9799;32344;34482;3347;2550;50
9820;32344;38880;3573;2566;23
9840;32344;40398;1973;2562;20
9860;32344;38138;2826;2548;32
9880;32377;39082;4052;2553;29
9901;32377;39419;3011;2558;35
9921;32377;39755;3156;2559;31
9941;32377;39669;2548;2554;20
9961;32377;39833;2547;2539;49
9982;32377;40607;2473;2546;23
10002;32800;38640;4074;2560;40
10022;32800;40601;2837;2534;35
10042;32800;38529;2293;2566;29
10063;32800;38692;2616;2577;19
10083;32800;38483;2634;2544;36
10103;32800;36624;3899;2563;39
10123;32800;38271;2897;2576;24
10144;35690;37861;2212;2573;46
10164;35690;36999;2551;2560;31
10184;35690;36308;2861;2577;36
10204;35690;37596;3236;2572;22
10225;35690;38324;1352;2548;47
10245;35690;37147;3381;2549;33
10265;40540;36699;2346;2579;37
10285;40540;36962;1656;2553;20
10306;40540;36584;1610;2547;53
10326;40540;37073;2523;2547;49
10346;40540;37697;4046;2563;38
10366;40540;38903;2734;2548;31
10387;43143;35964;3380;2563;35
10407;43143;37774;2991;2567;45
10427;43143;37352;1837;2534;45
10447;43143;37502;2349;2546;36
10468;43143;39107;1996;2566;23
10488;43143;36400;2513;2559;59
10508;43143;37781;1748;2559;34
10528;43198;37781;1722;2541;31
10549;43198;38229;2327;2539;19
10569;43198;38485;4062;2539;44
10589;43198;38093;1455;2531;30
10609;43198;36762;2462;2511;26
10630;43198;38486;3004;2520;20
10650;42553;37067;3009;2556;34
10670;42553;37790;4044;2546;31
10690;42553;37111;2693;2548;21
10711;42553;36864;2050;2540;47
10731;42553;36434;4032;2575;37
10751;42553;37886;1574;2562;30
10771;41788;39023;3249;2567;30
10792;41788;38588;2605;2555;35
10812;41788;36088;3067;2568;38
10832;41788;38114;2273;2559;38
10852;41788;39784;2159;2560;43
10873;41788;37916;3780;2556;24
10893;41788;37049;2014;2552;28
10913;41828;38832;4071;2558;31
10933;41828;40369;2661;2561;46
10954;41828;39062;3048;2543;24
10974;41828;37230;1737;2560;28
10994;41828;36619;4083;2560;51
11014;41828;37892;1452;2564;34
11035;42661;38806;2056;2578;25
11055;42661;36066;2629;2589;29
11075;42661;37853;4087;2571;50
11095;42661;37945;2712;2560;37
11116;42661;37752;2453;2569;24
11136;42661;37132;2077;2563;31
11156;43279;36342;4001;2580;28
11176;43279;39054;1620;2552;37
11197;43279;37604;4057;2547;33
11217;43279;36356;3560;2574;38
11237;43279;35184;1802;2568;32
11257;43279;37792;2224;2572;24
11278;43279;37664;1392;2530;51
11298;43391;36133;2296;2560;41
11318;43391;37297;3920;2587;44
11338;43391;38787;3510;2578;32
11359;43391;38219;3269;2567;36
11379;43391;36782;3797;2563;53
11399;43391;36880;2638;2566;40
11419;43324;37722;2027;2569;27
11440;43324;37152;3500;2564;33
11460;43324;36764;4045;2559;31
11480;43324;39174;2030;2560;50
11500;43324;36422;1482;2538;60
11521;43324;36524;3907;2547;42
11541;43057;37326;3481;2571;35
11561;43057;38612;3146;2572;42
11581;43057;36740;1667;2560;31
11602;43057;34966;3217;2532;42
11622;43057;38166;3302;2548;39
11642;43057;36540;2934;2572;36
11662;43057;37146;1628;2563;43
11683;42559;37080;1151;2548;41
11703;42559;37063;3044;2579;27
11723;42559;34812;4085;2554;43
11743;42559;34610;4066;2568;60
11764;42559;36476;2911;2549;48
11784;42559;33632;2711;2518;53
11804;42058;33464;3113;2527;47
11824;42058;35529;2226;2544;44
11845;42058;36412;2613;2541;36
11865;42058;33937;3065;2539;32
11885;42058;34126;2892;2552;40
11905;42058;34795;2324;2562;52
11926;41311;34680;1894;2555;42
11946;41311;33920;3233;2539;38
11966;41311;36137;2898;2539;39
11986;41311;33689;2106;2557;57
12007;41311;33414;2088;2541;66
12027;41311;35358;3105;2554;32
12047;41311;36766;1999;2552;37
12067;39027;33284;1860;2552;42
12088;39027;33010;1495;2545;36
12108;39027;37219;1982;2543;40
12128;39027;36031;2651;2555;47
12148;39027;33847;2962;2550;39
12169;39027;34648;4079;2566;42
12189;35343;37805;2781;2573;26
12209;35343;35481;3137;2563;51
12229;35343;32854;1696;2549;44
12250;35343;35495;2607;2559;34
12270;35343;37488;2993;2566;34
12290;35343;34138;2914;2564;28
12310;32770;33173;2074;2547;57
12331;32770;35293;2483;2565;35
12351;32770;37014;2972;2578;35
12371;32770;34504;2953;2552;22
12391;32770;33794;3011;2531;56
12412;32770;34430;2439;2554;35
12432;32770;36986;2624;2564;33
12452;32174;35322;3141;2573;22
12472;32174;34554;3016;2562;57
12493;32174;34457;2263;2546;32
12513;32174;35567;2647;2504;32
12533;32174;34669;3042;2575;24
12553;32174;33565;1843;2550;43
12574;32323;33771;2360;2552;35
12594;32323;36238;2309;2505;15
12614;32323;35422;2687;2538;41
12634;32323;33539;4082;2579;29
12655;32323;34334;2014;2552;27
12675;32323;37612;2996;2520;24
12695;32270;36391;2320;2574;27
12715;32270;33119;4082;2609;37
12736;32270;33829;3717;2573;56
12756;32270;36533;2059;2570;25
12776;32270;36326;2713;2554;36
12796;32270;34858;2814;2579;26
12817;32270;35143;2670;2574;25
12837;31970;35051;2771;2551;33
12857;31970;34083;2278;2550;22
12877;31970;35610;2226;2581;39
12898;31970;36151;2814;2540;24
12918;31970;35297;2314;2572;19
12938;31970;33607;2679;2591;31
12958;31885;34540;3657;2590;25
12979;31885;38646;2496;2563;31
12999;31885;40253;2550;2584;20
13019;31885;36900;2972;2563;51
13039;31885;40020;1502;2586;24
13060;31885;41262;2552;2579;33
13080;32046;38929;2666;2602;34
13100;32046;44502;2305;2592;38
13120;32046;43627;2179;2583;20
13141;32046;39789;2662;2569;32
13161;32046;38194;4017;2582;26
13181;32046;39711;1798;2607;25
13201;30816;41146;3299;2603;38
13222;30816;40453;2438;2604;31
13242;30816;36845;3172;2609;33
13262;30816;38798;2714;2604;44
13282;30816;37194;2370;2591;27
13303;30816;37062;2397;2594;26
13323;30816;36404;1959;2605;32
13343;26082;37937;3157;2608;35
13363;26082;37573;2047;2606;26
13384;26082;36339;2165;2600;34
13404;26082;36193;3024;2570;42
13424;26082;39681;2694;2603;30
13444;26082;35811;3191;2575;43
13465;20335;35222;2699;2576;32
13485;20335;35842;3342;2575;44
13505;20335;37184;2640;2585;31
13525;20335;37374;2302;2579;45
13546;20335;34463;2639;2576;42
13566;20335;33576;2635;2559;33
13586;18023;36296;2493;2572;50
13606;18023;34336;4061;2583;40
13627;18023;34293;1574;2580;38
13647;18023;33039;3851;2554;37
13667;18023;35131;2743;2579;40
13687;18023;36207;2412;2595;43
13708;18023;35327;2799;2572;35
13728;18593;33053;3197;2557;46
13748;18593;37833;3933;2550;56
13768;18593;37204;2704;2551;43
13789;18593;39625;2687;2558;55
13809;18593;40471;2345;2576;49
13829;18593;36560;3663;2542;61
13849;19518;40136;2579;2546;63
13870;19518;37531;2188;2536;46
13890;19518;37072;2772;2561;60
13910;19518;37063;2333;2561;42
13930;19518;35068;3119;2557;62
13951;19518;35927;3477;2544;55
13971;20280;36052;2202;2533;49
13991;20280;35678;1854;2539;79
14011;20280;35197;4082;2562;60
14032;20280;34859;2505;2546;66
14052;20280;35314;3636;2531;60
14072;20280;35487;2536;2531;75
14092;20280;35297;2382;2559;66
14113;21508;36033;1609;2579;57
14133;21508;36638;2678;2574;64
14153;21508;36008;2082;2568;71
14173;21508;37071;3183;2560;57
14194;21508;35965;2951;2564;47
14214;21508;34569;3136;2568;68
14234;22936;34439;2397;2582;68
14254;22936;36627;3663;2575;90
14275;22936;35554;1895;2577;50
14295;22936;35189;2388;2535;56
14315;22936;36293;2300;2561;53
14335;22936;34765;2859;2536;88
14356;23945;36838;2979;2554;74
14376;23945;36674;2418;2568;64
14396;23945;37742;2928;2553;62
14416;23945;35071;3186;2563;67
14437;23945;33919;2442;2561;72
14457;23945;35659;2319;2559;61
14477;23945;35250;2128;2559;82
14497;24856;36762;3923;2563;72
14518;24856;34993;2449;2567;71
14538;24856;36184;2097;2565;80
14558;24856;36572;3425;2558;72
14578;24856;34433;2863;2555;74
14599;24856;34556;3715;2555;61
14619;25391;34270;3026;2568;64
14639;25391;32848;1930;2554;42
14659;25391;31166;2646;2535;91
14680;25391;32783;2916;2539;80
14700;25391;31889;2497;2550;74
14720;25391;33789;2484;2559;76
14740;25500;32221;2399;2557;54
14761;25500;31609;2921;2550;76
14781;25500;32224;3112;2547;91
14801;25500;31930;4009;2559;68
14821;25500;33813;2215;2551;40
14842;25500;31838;2395;2544;87
14862;25500;33642;3355;2544;76
14882;26429;33238;3400;2559;60
14902;26429;33233;3263;2564;58
14923;26429;34189;2442;2548;79
14943;26429;32817;3122;2527;80
14963;26429;34436;2475;2542;38
14983;26429;32902;2656;2539;68
15004;28642;33941;2047;2530;53
15024;28642;33832;2842;2475;59
15044;28642;31711;3104;2503;75
15064;28642;34874;3679;2565;47
15085;28642;33634;4062;2575;50
15105;28642;32628;1947;2543;59
15125;30889;33633;1668;2521;45
15145;30889;32350;2756;2524;58
15166;30889;33438;3401;2550;43
15186;30889;35172;3275;2562;47
15206;30889;33262;2557;2537;73
15226;30889;34489;3000;2511;44
15247;30889;33768;2187;2517;60
15267;32065;32003;2684;2543;59
15287;32065;34019;4041;2552;56
15307;32065;34888;2060;2520;66
15328;32065;33294;2511;2517;64
15348;32065;33091;2767;2523;37
15368;32065;33630;3442;2552;46
15388;32232;34116;2535;2549;57
15409;32232;35706;2461;2557;34
15429;32232;35316;1934;2532;36
15449;32232;33323;1383;2545;42
15469;32232;33977;1805;2537;50
15490;32232;35984;2216;2523;38
15510;32146;33861;2460;2527;34
15530;32146;32296;2625;2515;66
15550;32146;35817;2732;2530;54
15571;32146;35061;1825;2498;49
15591;32146;32940;2591;2495;28
15611;32146;33204;2245;2548;40
15631;32146;35559;3119;2549;33
15652;32249;34956;2211;2563;28
15672;32249;33123;2950;2518;55
15692;32249;34122;2544;2540;30
15712;32249;34960;2459;2563;38
15733;32249;35945;2658;2559;39
15753;32249;33886;2368;2544;48
15773;32326;34176;2409;2544;29
15793;32326;35342;3244;2569;39
15814;32326;35096;2903;2559;32
15834;32326;34586;2894;2550;53
15854;32326;35183;3494;2554;23
15874;32326;35687;2782;2544;31
15895;32379;35183;2212;2558;33
15915;32379;34673;2943;2530;30
15935;32379;34199;2138;2549;22
15955;32379;36450;3455;2563;35
15976;32379;35866;2474;2536;37
15996;32379;35321;1651;2551;18
16016;32379;36202;4092;2583;54
16036;32510;36046;1830;2563;29
16057;32510;38741;3291;2557;19
16077;32510;39206;3319;2552;24
16097;32510;39338;2231;2570;27
16117;32510;38859;3636;2566;42
16138;32510;40782;3571;2531;23
16158;32465;41340;2851;2571;18
16178;32465;39110;2782;2559;45
16198;32465;39727;937;2554;40
16219;32465;41217;4027;2571;23
16239;32465;39558;2715;2553;30
16259;32465;38320;2626;2571;35
16279;34056;37459;1933;2582;24
16300;34056;38730;2624;2550;49
16320;34056;37776;2539;2558;31
16340;34056;36542;2635;2569;23
16360;34056;37456;3102;2590;48
16381;34056;37527;3871;2575;38
16401;38526;36121;2543;2571;31
16421;38526;38013;3334;2580;26
16441;38526;37283;1914;2587;53
16462;38526;38238;3577;2571;35
16482;38526;36240;2064;2549;31
16502;38526;37225;1918;2540;24
16522;38526;35729;2801;2559;46
16543;42337;37978;3916;2560;41
16563;42337;38416;3374;2575;35
16583;42337;38313;3590;2561;25
16603;42337;36639;2449;2553;27
16624;42337;36811;3028;2555;56
16644;42337;38198;2054;2549;39
16664;43342;39064;2306;2579;35
16684;43342;36848;2877;2571;24
16705;43342;38659;1778;2541;55
16725;43342;37640;2579;2555;26
16745;43342;38200;2917;2562;32
16765;43342;38518;3211;2552;34
16786;42946;35934;1759;2503;50
16806;42946;37483;3071;2549;28
16826;42946;38766;2859;2572;24
16846;42946;36815;3912;2554;46
16867;42946;36475;3417;2548;36
16887;42946;37121;2195;2565;30
16907;42946;38491;2429;2561;27
16927;42091;37988;2024;2543;54
16948;42091;38531;3149;2563;33
16968;42091;37133;1424;2555;27
16988;42091;38452;3934;2573;31
17008;42091;36784;2622;2557;51
17029;42091;37476;2187;2567;35
17049;41578;36314;3351;2566;35
17069;41578;37241;975;2573;43
17089;41578;37928;2573;2556;47
17110;41578;37458;1453;2577;32
17130;41578;37464;2590;2570;36
17150;41578;38749;1798;2565;46
17170;42016;37826;1958;2565;50
17191;42016;37416;2356;2565;34
17211;42016;37738;1516;2575;27
17231;42016;39300;2177;2584;37
17251;42016;37018;2199;2566;55
17272;42016;37856;3231;2572;34
17292;42016;36198;2203;2568;31
17312;42889;39197;3390;2568;28
17332;42889;38404;3611;2557;53
17353;42889;37426;3274;2541;45
17373;42889;37437;3295;2571;35
17393;42889;37715;2139;2576;37
17413;42889;37177;2042;2560;26
17434;43344;38686;3036;2583;47
17454;43344;38004;3901;2587;36
17474;43344;37899;1966;2581;33
17494;43344;36536;3717;2570;40
17515;43344;37322;2656;2566;28
17535;43344;39964;2376;2560;47
17555;43376;37232;4066;2576;50
17575;43376;37174;1715;2574;47
17596;43376;37048;972;2577;30
17616;43376;38823;3660;2569;27
17636;43376;37572;4052;2563;43
17656;43376;37627;4016;2546;53
17677;43376;38318;1284;2558;38
17697;43247;37130;2959;2546;31
17717;43247;36295;3815;2566;36
17737;43247;38295;3994;2579;39
17758;43247;38195;3471;2543;36
17778;43247;37798;3244;2547;27
17798;43247;35260;1435;2561;61
17818;42730;39294;4038;2575;51
17839;42730;38862;3095;2575;47
17859;42730;35580;2961;2564;34
17879;42730;37263;2971;2576;44
17899;42730;36390;3359;2580;39
17920;42730;35197;1931;2584;34
17940;41968;35616;2802;2550;48
17960;41968;35887;3583;2553;54
17980;41968;33937;1583;2543;67
18001;41968;33857;1942;2537;67
18021;41968;35460;2802;2539;44
18041;41968;34493;2627;2544;36
18061;41968;31924;2662;2568;47
18082;41406;33832;2080;2559;42
18102;41406;35327;2096;2554;28
18122;41406;34111;2604;2546;53
18142;41406;34178;2111;2566;47
18163;41406;35432;2411;2555;42
18183;41406;34157;2766;2558;33
18203;40187;33523;3388;2560;46
18223;40187;36507;3621;2562;48
18244;40187;34321;1780;2549;61
18264;40187;33259;1945;2536;44
18284;40187;34445;2946;2567;28
18304;40187;36687;3576;2547;31
18325;37140;33858;2466;2544;30
18345;37140;32470;3184;2552;54
18365;37140;36192;2374;2579;38
18385;37140;37454;3412;2594;27
18406;37140;33889;2262;2581;40
18426;37140;33943;3602;2559;40
18446;37140;37125;1804;2561;43
18466;33949;35938;3271;2575;37
18487;33949;32915;3575;2564;33
18507;33949;34282;1119;2564;34
18527;33949;37508;2645;2567;25
18547;33949;36667;2417;2567;47
18568;33949;33556;3648;2566;39
18588;32587;33811;2034;2573;37
18608;32587;36433;2652;2587;21
18628;32587;34751;1976;2578;48
18649;32587;33249;3739;2574;44
18669;32587;34426;1817;2576;32
18689;32587;36159;1844;2549;20
18709;32390;34830;2222;2544;38
18730;32390;32747;4027;2574;34
18750;32390;32744;2283;2553;26
18770;32390;35911;2287;2490;32
18790;32390;35317;2611;2569;21
18811;32390;34788;3278;2550;26
18831;32390;33179;2067;2533;59
18851;32372;35918;2089;2495;24
18871;32372;35871;2834;2534;16
18892;32372;33791;4051;2571;54
18912;32372;33750;2555;2557;29
18932;32372;35296;2762;2554;17
18952;32372;35095;1743;2532;22
18973;32164;35642;3959;2559;35
18993;32164;35721;2453;2579;46
19013;32164;34065;1314;2514;21
19033;32164;33406;3037;2547;19
19054;32164;35994;3604;2570;36
19074;32164;35586;2064;2513;24
19094;31916;34444;2510;2510;39
19114;31916;33293;4083;2569;33
19135;31916;34431;2557;2594;23
19155;31916;36902;2570;2564;21
19175;31916;36353;2815;2579;16
19195;31916;36272;3296;2593;28
19216;31916;38343;3201;2588;19
19236;32082;39550;1615;2568;22
19256;32082;38053;3522;2594;21
19276;32082;41782;4087;2591;26
19297;32082;43538;3875;2587;22
19317;32082;44384;2597;2594;20
19337;32082;38742;2560;2583;19
19357;32154;40403;1527;2562;46
19378;32154;40223;894;2589;26
19398;32154;39162;3828;2604;35
19418;32154;38747;3721;2611;35
19438;32154;38403;3195;2605;21
19459;32154;38631;2927;2603;44
19479;29047;36722;3615;2593;28
19499;29047;38737;2057;2605;43
19519;29047;40733;4034;2604;29
19540;29047;37139;2303;2595;30
19560;29047;35829;2642;2579;58
19580;29047;37199;1724;2602;33
19600;29047;38521;2757;2596;26
19621;22779;35504;2296;2588;32
19641;22779;33923;2390;2554;43
19661;22779;35713;2543;2590;36
19681;22779;38021;2408;2582;33
19702;22779;35884;3795;2586;30
19722;22779;33810;3118;2555;54
19742;18783;36306;1203;2574;35
19762;18783;36164;2116;2583;35
19783;18783;35850;2355;2599;24
19803;18783;33703;2739;2588;64
19823;18783;35708;3671;2581;51
19843;18783;37850;2848;2589;31
19864;18305;36029;3080;2556;48
19884;18305;33370;2480;2584;40
19904;18305;35240;3108;2591;43
19924;18305;35876;2370;2558;31
19945;18305;34358;1833;2559;44
19965;18305;33994;3403;2566;43
19985;19182;34868;3790;2575;43
20005;19182;34817;755;2577;58
20026;19182;37101;2953;2547;46
20046;19182;35243;2617;2546;46
20066;19182;36249;4046;2581;58
20086;19182;37616;3507;2562;84
20107;19182;37959;3289;2555;63
20127;20083;39899;1067;2558;44
20147;20083;37204;2610;2566;51
20167;20083;35865;2671;2562;67
20188;20083;38088;2547;2560;66
20208;20083;36823;2001;2547;83
20228;20083;36775;2892;2545;42
20248;20340;36214;2316;2549;51
20269;20340;35158;2746;2580;52
20289;20340;36597;3174;2553;70
20309;20340;36196;1763;2531;72
20329;20340;38371;3110;2549;53
20350;20340;36342;2682;2559;71
20370;21394;33760;3488;2560;63
20390;21394;35915;2631;2574;91
20410;21394;34871;3635;2581;61
20431;21394;36675;2304;2572;43
20451;21394;35695;2852;2558;58
20471;21394;36006;1117;2546;72
20491;21394;35388;3243;2560;54
20512;23278;36716;3095;2559;78
20532;23278;36268;3619;2566;71
20552;23278;35683;2615;2560;74
20572;23278;35866;1294;2559;55
20593;23278;35177;3007;2571;76
20613;23278;35143;2478;2570;78
20633;24392;36977;3018;2562;48
20653;24392;35628;2310;2539;64
20674;24392;35227;2298;2555;55
20694;24392;35165;2883;2560;94
20714;24392;37619;3385;2555;81
20734;24392;36035;2860;2554;86
20755;25011;36272;3201;2566;55
20775;25011;34745;2969;2563;53
20795;25011;32070;2888;2566;72
20815;25011;33546;2841;2549;86
20836;25011;32541;1917;2557;76
20856;25011;32686;2290;2548;58
20876;25011;31886;3115;2538;84
20896;25413;31417;1352;2552;58
20917;25413;30526;3151;2553;71
20937;25413;32795;3104;2560;84
20957;25413;31988;2569;2559;67
20977;25413;31992;2108;2545;61
20998;25413;32764;2523;2542;83
21018;25875;31905;2788;2566;76
21038;25875;34256;2431;2569;59
21058;25875;32607;2913;2531;91
21079;25875;35088;2675;2552;44
21099;25875;33170;2325;2543;44
21119;25875;32864;2617;2535;52
21139;27551;34086;3175;2572;67
21160;27551;33681;2266;2559;71
21180;27551;34610;888;2539;40
21200;27551;32331;2216;2538;47
21220;27551;31838;2556;2559;62
21241;27551;34028;2839;2571;55
21261;27551;32285;3156;2524;79
21281;30040;34050;2637;2521;65
21301;30040;33685;3132;2552;52
21322;30040;33087;4080;2559;50
21342;30040;35586;2269;2590;48
21362;30040;32940;2623;2550;55
21382;30040;33547;1734;2531;50
21403;31761;34719;2102;2548;34
21423;31761;32754;3391;2562;44
21443;31761;34383;2111;2550;49
21463;31761;35334;2190;2531;44
21484;31761;32978;2103;2515;47
21504;31761;33021;3427;2540;51
21524;32201;33720;3653;2563;40
21544;32201;33766;2344;2555;57
21565;32201;34722;3127;2560;38
21585;32201;34627;1983;2531;40
21605;32201;32638;1960;2541;57
21625;32201;35466;4073;2561;51
21646;32201;37061;2632;2559;41
21666;0;33928;2238;2503;28
21686;0;32965;3227;2495;38
21706;0;35938;3614;2540;28
21727;0;34900;3184;2547;39
21747;0;33442;2624;2518;59
21767;0;34491;2164;2522;32
21787;32261;34847;3630;2557;33
21808;32261;34367;3435;2554;50
21828;32261;33897;2093;2552;30
21848;32261;35222;1955;2548;25
21868;32261;33405;3465;2561;55
21889;32261;33801;1459;2568;67
21909;32344;35155;2761;2562;26
21929;32344;35576;3181;2552;24
21949;32344;31945;3939;2549;37
21970;32344;33179;3276;2546;64
21990;32344;35737;2522;2570;29
22010;32344;36939;3616;2554;17
22030;32344;34423;3215;2566;47
22051;32325;33606;1967;2543;47
22071;32325;34761;3386;2575;31
22091;32325;36960;3080;2572;36
22111;32325;34612;2428;2559;36
22132;32325;34575;3501;2554;34
22152;32325;34045;2919;2549;38
22172;32327;35122;2634;2564;24
22192;32327;35941;2704;2576;33
22213;32327;36323;2532;2580;24
22233;32327;37397;3188;2575;24
22253;32327;37417;3852;2575;22
22273;32327;39997;3807;2553;36
22294;32435;40162;2043;2570;28
22314;32435;40122;2671;2558;38
22334;32435;38728;2329;2548;27
22354;32435;38778;1756;2575;27
22375;32435;41076;1936;2575;30
22395;32435;40636;2367;2559;27
22415;32435;37951;3743;2560;32
22435;33063;38486;2185;2551;51
22456;33063;39386;1495;2579;34
22476;33063;40500;1870;2586;22
22496;33063;37286;2225;2556;42
22516;33063;37438;2322;2572;38
22537;33063;39331;3983;2580;24
22557;36129;37570;2661;2577;39
22577;36129;36044;2215;2574;26
22597;36129;36677;2817;2574;29
22618;36129;38071;2278;2586;24
22638;36129;37897;2760;2564;32
22658;36129;36224;2140;2574;27
22678;40892;36955;3390;2557;32
22699;40892;35907;3647;2563;24
22719;40892;37953;3261;2577;39
22739;40892;37144;2128;2558;28
22759;40892;37612;4022;2570;43
22780;40892;37497;3583;2575;30
22800;40892;36864;2563;2578;50
22820;43353;35721;3913;2571;40
22840;43353;35577;1677;2555;36
22861;43353;37497;3577;2555;33
22881;43353;39359;2724;2576;42
22901;43353;37719;2491;2563;49
22921;43353;36717;1506;2534;33
22942;43281;37035;2654;2542;29
22962;43281;38545;3471;2573;33
22982;43281;37033;2713;2551;36
23002;43281;35437;2825;2536;31
23023;43281;35641;2064;2523;24
23043;43281;37817;3246;2575;36
23063;42522;38501;2254;2582;27
23083;42522;36632;2867;2553;33
23104;42522;37696;2401;2571;28
23124;42522;38259;3521;2562;28
23144;42522;39030;3143;2581;38
23164;42522;37970;2045;2567;26
23185;42522;37345;3260;2560;48
23205;41845;36572;2826;2579;26
23225;41845;36051;1954;2587;33
23245;41845;38362;2411;2578;33
23266;41845;35999;1846;2562;48
23286;41845;38274;3497;2570;31
23306;41845;37891;3439;2580;30
23326;41987;37699;2907;2591;36
23347;41987;38593;2323;2544;48
23367;41987;37963;2899;2571;33
23387;41987;38818;2938;2570;28
23407;41987;37432;3064;2592;27
23428;41987;38002;2713;2582;47
23448;42909;37707;3545;2592;35
23468;42909;37761;3347;2587;30
23488;42909;37749;3239;2576;34
23509;42909;38054;3008;2571;47
23529;42909;37512;3312;2572;33
23549;42909;37154;2365;2577;33
23569;43625;36224;2108;2579;28
23590;43625;37802;2482;2559;56
23610;43625;36373;2452;2587;35
23630;43625;37858;2962;2586;41
23650;43625;36353;1686;2577;33
23671;43625;36429;2659;2574;25
23691;43625;36254;3191;2584;37
23711;43676;36164;2584;2591;31
23731;43676;37051;3743;2578;44
23752;43676;35387;3066;2583;31
23772;43676;38047;3135;2584;40
23792;43676;36258;3202;2567;56
23812;43676;35856;2517;2566;44
23833;43509;39703;1152;2574;34
23853;43509;39071;3322;2569;28
23873;43509;38429;4080;2569;42
23893;43509;36927;3178;2562;52
23914;43509;38405;2227;2568;51
23934;43509;38160;2021;2556;25
23954;43212;36653;3474;2580;41
23974;43212;37051;1891;2591;41
23995;43212;36168;1890;2576;29
24015;43212;36214;1693;2540;50
24035;43212;36177;3857;2562;49
24055;43212;37127;1803;2593;42
24076;43212;38488;1859;2587;28
24096;42566;35673;2483;2573;31
24116;42566;35515;3775;2557;31
24136;42566;35451;2883;2563;33
24157;42566;34911;3587;2563;35
24177;42566;33823;2779;2538;60
24197;42566;33634;3149;2555;39
24217;41863;33857;3818;2574;44
24238;41863;33260;2441;2556;49
24258;41863;32605;2477;2534;31
24278;41863;34579;3092;2554;40
24298;41863;34081;1803;2552;46
24319;41863;33656;1962;2576;45
24339;41020;35775;3725;2553;26
24359;41020;34447;2607;2539;38
24379;41020;32970;2477;2542;63
24400;41020;35304;3743;2551;45
24420;41020;35743;2539;2542;30
24440;41020;33800;2980;2540;48
24460;41020;34255;1623;2562;34
24481;38641;36069;3300;2555;27
24501;38641;34321;3452;2544;46
24521;38641;33544;1866;2543;42
24541;38641;35003;3917;2554;36
24562;38641;35426;2653;2550;41
24582;38641;35531;2462;2569;31
24602;35037;34424;2987;2567;54
24622;35037;34763;3126;2559;34
24643;35037;35219;2616;2551;35
24663;35037;36162;1976;2559;23
24683;35037;35388;2891;2577;53
24703;35037;34569;2520;2581;31
24724;32739;35203;2996;2558;37
24744;32739;35794;2321;2590;28
24764;32739;34884;2352;2571;59
24784;32739;34870;1779;2584;31
24805;32739;33892;2816;2573;38
24825;32739;35603;2107;2589;26
24845;32739;34785;2583;2575;55
24865;32294;35514;3312;2564;28
24886;32294;35400;3086;2563;36
24906;32294;34788;2654;2505;27
24926;32294;33422;2496;2523;34
24946;32294;35210;2976;2565;33
24967;32294;36702;3156;2570;20
24987;32385;35625;2407;2499;33
25007;32385;34373;2233;2523;24
25027;32385;32826;2924;2591;44
25048;32385;36345;3656;2579;35
25068;32385;35656;2148;2495;27
25088;32385;34483;2090;2514;33
25108;32261;32804;3851;2593;39
25129;32261;34726;2509;2603;28
25149;32261;37350;1579;2580;28
25169;32261;35961;1707;2551;23
25189;32261;33516;2840;2586;44
25210;32261;33892;1353;2579;33
25230;32261;35203;2664;2575;22
25250;31983;35803;3387;2574;23
25270;31983;35093;4073;2587;26
25291;31983;34631;1746;2536;37
25311;31983;34499;2357;2568;24
25331;31983;33866;3071;2581;48
25351;31983;34728;3532;2583;25
25372;31981;38165;3337;2603;16
25392;31981;39414;3096;2596;27
25412;31981;35598;2391;2584;37
25432;31981;40768;1968;2607;27
25453;31981;41871;2696;2595;38
25473;31981;40484;3126;2595;28
25493;32194;43255;3313;2594;31
25513;32194;43614;3880;2582;17
25534;32194;40233;3273;2566;26
25554;32194;37261;3679;2593;28
25574;32194;40256;1942;2608;34
25594;32194;40841;2576;2607;35
25615;32194;40510;3035;2592;32
25635;30365;36905;3051;2606;47
25655;30365;38168;2939;2609;32
25675;30365;37898;4072;2583;22
25696;30365;38861;4084;2571;40
25716;30365;53422;2614;2609;34
25736;30365;51421;692;2582;45
25756;24975;56969;3336;2604;51
25777;24975;52703;3003;2644;43
25797;24975;48888;4094;2647;86
25817;24975;45052;4021;2617;108
25837;24975;44377;3878;2587;120
25858;24975;52679;2643;2591;103
25878;19909;59518;3829;2610;121
25898;19909;52395;2943;2591;124
25918;19909;40881;2419;2580;106
25939;19909;36774;2699;2551;186
25959;19909;34574;2730;2559;163
25979;19909;37384;2926;2574;151
25999;19909;36110;2714;2566;193
26020;19749;31659;2983;2566;188
26040;19749;32984;2910;2560;182
26060;19749;36525;2797;2558;207
26080;19749;38428;2675;2562;198
26101;19749;38070;2874;2555;198
26121;19749;35522;2915;2558;187
26141;23393;31864;2847;2565;159
26161;23393;30647;3079;2560;167
26182;23393;31296;3002;2584;131
26202;23393;33493;3040;2528;184
26222;23393;35599;2975;2512;124
26242;23393;36411;2753;2446;14
26263;27320;35922;2882;2446;0
